{
  "name": "Television Model",
  "method": "approximate",
  "criteria": [
    "cost",
    "efficiency",
    "size",
    "resolution",
    "rating"
  ],
  "subCriteria": {},
  "alternatives": [
    "Samsung",
    "Sony",
    "Panasonic",
    "Toshiba"
  ],
  "preferenceMatrices": {
    "criteria": [
      [
        1,
        1,
        3,
        0.25,
        2
      ],
      [
        1,
        1,
        0.3333333333333333,
        2,
        0.2
      ],
      [
        0.3333333333333333,
        3,
        1,
        0.3333333333333333,
        5
      ],
      [
        4,
        0.5,
        3,
        1,
        5
      ],
      [
        0.5,
        5,
        0.2,
        0.2,
        1
      ]
    ],
    "alternatives:cost": [
      [
        1,
        0.3333333333333333,
        0.2,
        5
      ],
      [
        3,
        1,
        0.3333333333333333,
        7
      ],
      [
        5,
        3,
        1,
        8
      ],
      [
        0.2,
        0.14285714285714285,
        0.125,
        1
      ]
    ],
    "alternatives:efficiency": [
      [
        1,
        1,
        0.2,
        0.2
      ],
      [
        1,
        1,
        0.2,
        0.2
      ],
      [
        5,
        5,
        1,
        1
      ],
      [
        5,
        5,
        1,
        1
      ]
    ],
    "alternatives:size": [
      [
        1,
        5,
        5,
        0.25
      ],
      [
        0.2,
        1,
        1,
        0.14285714285714285
      ],
      [
        0.2,
        1,
        1,
        0.14285714285714285
      ],
      [
        4,
        7,
        7,
        1
      ]
    ],
    "alternatives:resolution": [
      [
        1,
        9,
        9,
        1
      ],
      [
        0.1111111,
        1,
        1,
        0.1111111
      ],
      [
        0.1111111,
        1,
        1,
        0.1111111
      ],
      [
        1,
        9,
        9,
        1
      ]
    ],
    "alternatives:rating": [
      [
        1,
        0.3333333333333333,
        0.14285714285714285,
        0.2
      ],
      [
        3,
        1,
        0.2,
        0.3333333333333333
      ],
      [
        7,
        5,
        1,
        3
      ],
      [
        5,
        3,
        0.3333333333333333,
        1
      ]
    ]
  }
}
